category_label,n_obs,status,rsui_adf_p,x_adf_p,aic,bic,coef,pvalue
Transport,21,OK,1.0,0.9978630838376182,260.90814790833906,267.1752825346796,0.0008837967003573602,2.3214562663973022e-09
Communication,13,OK,0.9990457684431486,0.9143269187752152,196.86357290183022,200.25326904659946,0.01853363097893795,0.08533853555143031
Education,21,OK,1.0,1.0,302.50365735031204,308.77079197665256,0.003146719537983769,0.329064063368035
Health,21,OK,1.0,1.0,300.2595964665283,306.52673109286883,0.0016543647224541024,0.556541424255208
Expanditure of Non Residents,15,OK,1.0,0.37621348453053666,230.75508117833925,235.00338238495252,-0.00019090595130375376,0.6055722218304457
Expanditure Abroad of Residents,15,OK,1.0,0.30991846941349266,228.8563371193204,233.10463832593365,-0.00020787771127654404,0.7970596556807239
